,Age,Fare,Survived,fam_freq,female,1,2,C,Q
0,2,0,0.0,1,1.0,0.0,1.0,0.0,1.0
1,7,11,1.0,1,0.0,0.0,0.0,0.0,0.0
2,4,3,1.0,0,0.0,0.0,1.0,0.0,1.0
3,7,10,1.0,1,0.0,0.0,0.0,0.0,1.0
4,7,3,0.0,0,1.0,0.0,1.0,0.0,1.0
5,3,4,0.0,0,1.0,0.0,1.0,1.0,0.0
6,9,10,0.0,0,1.0,0.0,0.0,0.0,1.0
7,0,7,0.0,2,1.0,0.0,1.0,0.0,1.0
8,5,5,1.0,1,0.0,0.0,1.0,0.0,1.0
9,0,9,1.0,1,0.0,1.0,0.0,0.0,0.0
10,0,7,1.0,1,0.0,0.0,1.0,0.0,1.0
11,9,8,1.0,0,0.0,0.0,0.0,0.0,1.0
12,1,3,0.0,0,1.0,0.0,1.0,0.0,1.0
13,7,9,0.0,2,1.0,0.0,1.0,0.0,1.0
14,0,2,0.0,0,0.0,0.0,1.0,0.0,1.0
15,9,7,1.0,0,0.0,1.0,0.0,0.0,1.0
16,0,9,0.0,2,1.0,0.0,1.0,1.0,0.0
17,5,5,1.0,0,1.0,1.0,0.0,0.0,1.0
18,6,7,0.0,1,0.0,0.0,1.0,0.0,1.0
19,2,0,1.0,0,0.0,0.0,1.0,0.0,0.0
20,7,8,0.0,0,1.0,1.0,0.0,0.0,1.0
21,6,5,1.0,0,1.0,1.0,0.0,0.0,1.0
22,0,3,1.0,0,0.0,0.0,1.0,1.0,0.0
23,5,10,1.0,0,1.0,0.0,0.0,0.0,1.0
24,0,7,0.0,2,0.0,0.0,1.0,0.0,1.0
25,7,9,1.0,2,0.0,0.0,1.0,0.0,1.0
26,3,0,0.0,0,1.0,0.0,1.0,0.0,0.0
27,1,12,0.0,2,1.0,0.0,0.0,0.0,1.0
28,2,2,1.0,0,0.0,0.0,1.0,1.0,0.0
29,3,2,0.0,0,1.0,0.0,1.0,0.0,1.0
30,7,9,0.0,0,1.0,0.0,0.0,0.0,0.0
31,7,12,1.0,1,0.0,0.0,0.0,0.0,0.0
32,2,1,1.0,0,0.0,0.0,1.0,1.0,0.0
33,9,4,0.0,0,1.0,1.0,0.0,0.0,1.0
34,5,11,0.0,1,1.0,0.0,0.0,0.0,0.0
35,8,10,0.0,1,1.0,0.0,0.0,0.0,1.0
36,3,0,1.0,0,1.0,0.0,1.0,0.0,0.0
37,1,3,0.0,0,1.0,0.0,1.0,0.0,1.0
38,1,7,0.0,1,0.0,0.0,1.0,0.0,1.0
39,0,5,1.0,1,0.0,0.0,1.0,0.0,0.0
40,7,4,0.0,1,0.0,0.0,1.0,0.0,1.0
41,5,7,0.0,1,0.0,1.0,0.0,0.0,1.0
42,3,2,0.0,0,1.0,0.0,1.0,0.0,0.0
43,0,10,1.0,1,0.0,1.0,0.0,0.0,0.0
44,1,2,1.0,0,0.0,0.0,1.0,1.0,0.0
45,3,3,0.0,0,1.0,0.0,1.0,0.0,1.0
46,3,6,0.0,1,1.0,0.0,1.0,1.0,0.0
47,2,1,1.0,0,0.0,0.0,1.0,1.0,0.0
48,3,7,0.0,1,1.0,0.0,1.0,0.0,0.0
49,1,7,0.0,1,0.0,0.0,1.0,0.0,1.0
50,0,10,0.0,2,1.0,0.0,1.0,0.0,1.0
51,1,2,0.0,0,1.0,0.0,1.0,0.0,1.0
52,9,11,1.0,1,0.0,0.0,0.0,0.0,0.0
53,5,8,1.0,1,0.0,1.0,0.0,0.0,1.0
54,9,11,0.0,1,1.0,0.0,0.0,0.0,0.0
55,8,10,1.0,0,1.0,0.0,0.0,0.0,1.0
56,1,4,1.0,0,0.0,1.0,0.0,0.0,1.0
57,5,0,0.0,0,1.0,0.0,1.0,0.0,0.0
58,0,9,1.0,1,0.0,1.0,0.0,0.0,1.0
59,0,10,0.0,3,1.0,0.0,1.0,0.0,1.0
60,2,0,0.0,0,1.0,0.0,1.0,0.0,0.0
61,7,11,1.0,0,0.0,0.0,0.0,0.0,0.0
62,8,11,0.0,1,1.0,0.0,0.0,0.0,1.0
63,0,9,0.0,2,1.0,0.0,1.0,0.0,1.0
64,8,9,0.0,0,1.0,0.0,0.0,0.0,0.0
65,3,6,1.0,1,1.0,0.0,1.0,0.0,0.0
66,5,4,1.0,0,0.0,1.0,0.0,0.0,1.0
67,1,4,0.0,0,1.0,0.0,1.0,0.0,1.0
68,1,3,1.0,2,0.0,0.0,1.0,0.0,1.0
69,4,4,0.0,1,1.0,0.0,1.0,0.0,1.0
70,6,4,0.0,0,1.0,1.0,0.0,0.0,1.0
71,0,10,0.0,3,0.0,0.0,1.0,0.0,1.0
72,1,11,0.0,0,1.0,1.0,0.0,0.0,1.0
73,4,6,0.0,1,1.0,0.0,1.0,0.0,0.0
74,6,10,1.0,0,1.0,0.0,1.0,0.0,1.0
75,3,1,0.0,0,1.0,0.0,1.0,0.0,1.0
76,3,2,0.0,0,1.0,0.0,1.0,0.0,1.0
77,3,3,0.0,0,1.0,0.0,1.0,0.0,1.0
78,0,9,1.0,1,1.0,1.0,0.0,0.0,1.0
79,6,5,1.0,0,0.0,0.0,1.0,0.0,1.0
80,2,4,0.0,0,1.0,0.0,1.0,0.0,1.0
81,5,4,1.0,0,1.0,0.0,1.0,0.0,1.0
82,2,2,1.0,0,0.0,0.0,1.0,1.0,0.0
83,5,10,0.0,0,1.0,0.0,0.0,0.0,1.0
84,1,4,1.0,0,0.0,1.0,0.0,0.0,1.0
85,6,7,1.0,1,0.0,0.0,1.0,0.0,1.0
86,0,10,0.0,2,1.0,0.0,1.0,0.0,1.0
87,3,3,0.0,0,1.0,0.0,1.0,0.0,1.0
88,3,12,1.0,2,0.0,0.0,0.0,0.0,1.0
89,3,3,0.0,0,1.0,0.0,1.0,0.0,1.0
90,5,3,0.0,0,1.0,0.0,1.0,0.0,1.0
91,1,2,0.0,0,1.0,0.0,1.0,0.0,1.0
92,8,11,0.0,1,1.0,0.0,0.0,0.0,1.0
93,4,7,0.0,1,1.0,0.0,1.0,0.0,1.0
94,9,0,0.0,0,1.0,0.0,1.0,0.0,1.0
95,3,3,0.0,0,1.0,0.0,1.0,0.0,1.0
96,9,10,0.0,0,1.0,0.0,0.0,0.0,0.0
97,3,11,1.0,1,1.0,0.0,0.0,0.0,0.0
98,6,7,1.0,1,0.0,1.0,0.0,0.0,1.0
99,6,8,0.0,1,1.0,1.0,0.0,0.0,1.0
100,5,2,0.0,0,0.0,0.0,1.0,0.0,1.0
101,3,2,0.0,0,1.0,0.0,1.0,0.0,1.0
102,1,11,0.0,1,1.0,0.0,0.0,0.0,1.0
103,6,4,0.0,0,1.0,0.0,1.0,0.0,1.0
104,7,3,0.0,1,1.0,0.0,1.0,0.0,1.0
105,5,2,0.0,0,1.0,0.0,1.0,0.0,1.0
106,1,1,1.0,0,0.0,0.0,1.0,0.0,1.0
107,3,2,1.0,0,1.0,0.0,1.0,0.0,1.0
108,7,2,0.0,0,1.0,0.0,1.0,0.0,1.0
109,2,8,1.0,1,0.0,0.0,1.0,1.0,0.0
110,8,10,0.0,0,1.0,0.0,0.0,0.0,1.0
111,0,6,0.0,1,0.0,0.0,1.0,0.0,0.0
112,2,3,0.0,0,1.0,0.0,1.0,0.0,1.0
113,1,4,0.0,1,0.0,0.0,1.0,0.0,1.0
114,1,6,0.0,0,0.0,0.0,1.0,0.0,0.0
115,1,3,0.0,0,1.0,0.0,1.0,0.0,1.0
116,9,1,0.0,0,1.0,0.0,1.0,1.0,0.0
117,5,7,0.0,1,1.0,1.0,0.0,0.0,1.0
118,3,12,0.0,1,1.0,0.0,0.0,0.0,0.0
119,0,9,0.0,2,0.0,0.0,1.0,0.0,1.0
120,1,11,0.0,1,1.0,1.0,0.0,0.0,1.0
121,3,3,0.0,0,1.0,0.0,1.0,0.0,1.0
122,6,9,0.0,1,1.0,1.0,0.0,0.0,0.0
123,6,5,1.0,0,0.0,1.0,0.0,0.0,1.0
124,9,11,0.0,1,1.0,0.0,0.0,0.0,1.0
125,0,5,1.0,1,1.0,0.0,1.0,0.0,0.0
126,3,1,0.0,0,1.0,0.0,1.0,1.0,0.0
127,3,0,1.0,0,1.0,0.0,1.0,0.0,1.0
128,2,7,1.0,1,0.0,0.0,1.0,0.0,0.0
129,8,0,0.0,0,1.0,0.0,1.0,0.0,1.0
130,6,2,0.0,0,1.0,0.0,1.0,0.0,0.0
131,1,0,0.0,0,1.0,0.0,1.0,0.0,1.0
132,8,6,0.0,1,0.0,0.0,1.0,0.0,1.0
133,5,8,1.0,1,0.0,1.0,0.0,0.0,1.0
134,3,5,0.0,0,1.0,1.0,0.0,0.0,1.0
135,3,6,0.0,0,1.0,1.0,0.0,0.0,0.0
136,1,8,1.0,1,0.0,0.0,0.0,0.0,1.0
137,7,10,0.0,1,1.0,0.0,0.0,0.0,1.0
138,0,4,0.0,0,1.0,0.0,1.0,0.0,1.0
139,3,11,0.0,0,1.0,0.0,0.0,0.0,0.0
140,2,6,0.0,1,0.0,0.0,1.0,0.0,0.0
141,2,1,1.0,0,0.0,0.0,1.0,0.0,1.0
142,3,7,1.0,1,0.0,0.0,1.0,0.0,1.0
143,1,0,0.0,0,1.0,0.0,1.0,1.0,0.0
144,1,5,0.0,0,1.0,1.0,0.0,0.0,1.0
145,1,10,0.0,1,1.0,1.0,0.0,0.0,1.0
146,5,2,1.0,0,1.0,0.0,1.0,0.0,1.0
147,0,10,0.0,2,0.0,0.0,1.0,0.0,1.0
148,7,8,0.0,1,1.0,1.0,0.0,0.0,1.0
149,8,5,0.0,0,1.0,1.0,0.0,0.0,1.0
150,9,5,0.0,0,1.0,1.0,0.0,0.0,1.0
151,2,11,1.0,1,0.0,0.0,0.0,0.0,1.0
152,9,3,0.0,0,1.0,0.0,1.0,0.0,1.0
153,8,6,0.0,1,1.0,0.0,1.0,0.0,1.0
154,3,1,0.0,0,1.0,0.0,1.0,0.0,1.0
155,9,11,0.0,1,1.0,0.0,0.0,0.0,0.0
156,0,1,1.0,0,0.0,0.0,1.0,1.0,0.0
157,6,3,0.0,0,1.0,0.0,1.0,0.0,1.0
158,3,4,0.0,0,1.0,0.0,1.0,0.0,1.0
159,3,11,0.0,3,1.0,0.0,1.0,0.0,1.0
160,8,7,0.0,1,1.0,0.0,1.0,0.0,1.0
161,7,7,1.0,0,0.0,1.0,0.0,0.0,1.0
162,4,2,0.0,0,1.0,0.0,1.0,0.0,1.0
163,1,4,0.0,0,1.0,0.0,1.0,0.0,1.0
164,0,10,0.0,2,1.0,0.0,1.0,0.0,1.0
165,0,7,1.0,1,1.0,0.0,1.0,0.0,1.0
166,7,10,1.0,1,0.0,0.0,0.0,0.0,1.0
167,8,9,0.0,2,0.0,0.0,1.0,0.0,1.0
168,8,8,0.0,0,1.0,0.0,0.0,0.0,1.0
169,5,10,0.0,0,1.0,0.0,1.0,0.0,1.0
170,9,9,0.0,0,1.0,0.0,0.0,0.0,1.0
171,0,9,0.0,2,1.0,0.0,1.0,1.0,0.0
172,0,5,1.0,1,0.0,0.0,1.0,0.0,1.0
173,1,3,0.0,0,1.0,0.0,1.0,0.0,1.0
174,9,9,0.0,0,1.0,0.0,0.0,0.0,0.0
175,1,2,0.0,1,1.0,0.0,1.0,0.0,1.0
176,3,8,0.0,2,1.0,0.0,1.0,0.0,1.0
177,9,9,0.0,0,0.0,0.0,0.0,0.0,0.0
178,6,5,0.0,0,1.0,1.0,0.0,0.0,1.0
179,7,0,0.0,0,1.0,0.0,1.0,0.0,1.0
180,2,11,0.0,3,0.0,0.0,1.0,0.0,1.0
181,5,6,0.0,0,1.0,1.0,0.0,0.0,0.0
182,0,9,0.0,2,1.0,0.0,1.0,0.0,1.0
183,0,10,1.0,1,1.0,1.0,0.0,0.0,1.0
184,0,7,1.0,1,0.0,0.0,1.0,0.0,1.0
185,8,10,0.0,0,1.0,0.0,0.0,0.0,1.0
186,2,6,1.0,1,0.0,0.0,1.0,1.0,0.0
187,8,8,1.0,0,1.0,0.0,0.0,0.0,1.0
188,7,6,0.0,1,1.0,0.0,1.0,1.0,0.0
189,7,2,0.0,0,1.0,0.0,1.0,0.0,1.0
190,6,5,1.0,0,0.0,1.0,0.0,0.0,1.0
191,1,5,0.0,0,1.0,1.0,0.0,0.0,1.0
192,1,2,1.0,1,0.0,0.0,1.0,0.0,1.0
193,0,8,1.0,1,1.0,1.0,0.0,0.0,1.0
194,8,9,1.0,0,0.0,0.0,0.0,0.0,0.0
195,9,12,1.0,0,0.0,0.0,0.0,0.0,0.0
196,3,1,0.0,0,1.0,0.0,1.0,1.0,0.0
197,8,4,0.0,1,1.0,0.0,1.0,0.0,1.0
198,2,1,1.0,0,0.0,0.0,1.0,1.0,0.0
199,3,5,0.0,0,0.0,1.0,0.0,0.0,1.0
200,5,4,0.0,0,1.0,0.0,1.0,0.0,1.0
201,3,11,0.0,3,1.0,0.0,1.0,0.0,1.0
202,6,0,0.0,0,1.0,0.0,1.0,0.0,1.0
203,8,0,0.0,0,1.0,0.0,1.0,0.0,0.0
204,1,3,1.0,0,1.0,0.0,1.0,0.0,1.0
205,0,4,0.0,1,0.0,0.0,1.0,0.0,1.0
206,6,7,0.0,1,1.0,0.0,1.0,0.0,1.0
207,4,7,1.0,0,1.0,0.0,1.0,0.0,0.0
208,0,1,1.0,0,0.0,0.0,1.0,1.0,0.0
209,7,9,1.0,0,1.0,0.0,0.0,0.0,0.0
210,3,0,0.0,0,1.0,0.0,1.0,0.0,1.0
211,7,7,1.0,0,0.0,1.0,0.0,0.0,1.0
212,2,0,0.0,0,1.0,0.0,1.0,0.0,1.0
213,6,5,0.0,0,1.0,1.0,0.0,0.0,1.0
214,3,1,0.0,1,1.0,0.0,1.0,1.0,0.0
215,6,12,1.0,1,0.0,0.0,0.0,0.0,0.0
216,5,3,1.0,0,0.0,0.0,1.0,0.0,1.0
217,8,9,0.0,1,1.0,1.0,0.0,0.0,1.0
218,6,11,1.0,0,0.0,0.0,0.0,0.0,0.0
219,6,4,0.0,0,1.0,1.0,0.0,0.0,1.0
220,0,3,1.0,0,1.0,0.0,1.0,0.0,1.0
221,5,5,0.0,0,1.0,1.0,0.0,0.0,1.0
222,9,3,0.0,0,1.0,0.0,1.0,0.0,1.0
223,3,2,0.0,0,1.0,0.0,1.0,0.0,1.0
224,7,12,1.0,1,1.0,0.0,0.0,0.0,1.0
225,2,4,0.0,0,1.0,0.0,1.0,0.0,1.0
226,1,4,1.0,0,1.0,1.0,0.0,0.0,1.0
227,1,0,0.0,0,1.0,0.0,1.0,0.0,1.0
228,1,5,0.0,0,1.0,1.0,0.0,0.0,1.0
229,2,8,0.0,2,0.0,0.0,1.0,0.0,1.0
230,7,11,1.0,1,0.0,0.0,0.0,0.0,1.0
231,5,2,0.0,0,1.0,0.0,1.0,0.0,1.0
232,9,6,0.0,0,1.0,1.0,0.0,0.0,1.0
233,0,9,1.0,2,0.0,0.0,1.0,0.0,1.0
234,3,4,0.0,0,1.0,1.0,0.0,0.0,1.0
235,2,1,0.0,0,0.0,0.0,1.0,0.0,1.0
236,8,8,0.0,1,1.0,1.0,0.0,0.0,1.0
237,0,8,1.0,1,0.0,1.0,0.0,0.0,1.0
238,1,4,0.0,0,1.0,1.0,0.0,0.0,1.0
239,6,5,0.0,0,1.0,1.0,0.0,0.0,1.0
240,2,6,0.0,1,0.0,0.0,1.0,0.0,0.0
241,2,6,1.0,1,0.0,0.0,1.0,1.0,0.0
242,5,4,0.0,0,1.0,1.0,0.0,0.0,1.0
243,2,0,0.0,0,1.0,0.0,1.0,0.0,1.0
244,6,0,0.0,0,1.0,0.0,1.0,0.0,0.0
245,8,12,0.0,1,1.0,0.0,0.0,1.0,0.0
246,3,2,0.0,0,0.0,0.0,1.0,0.0,1.0
247,3,6,1.0,1,0.0,1.0,0.0,0.0,1.0
248,7,10,1.0,1,1.0,0.0,0.0,0.0,1.0
249,9,8,0.0,1,1.0,1.0,0.0,0.0,1.0
250,3,0,0.0,0,1.0,0.0,1.0,0.0,1.0
251,5,4,0.0,1,0.0,0.0,1.0,0.0,1.0
252,9,8,0.0,0,1.0,0.0,0.0,0.0,1.0
253,6,7,0.0,1,1.0,0.0,1.0,0.0,1.0
254,8,7,0.0,1,0.0,0.0,1.0,0.0,1.0
255,5,6,1.0,1,0.0,0.0,1.0,0.0,0.0
256,7,11,1.0,0,0.0,0.0,0.0,0.0,0.0
257,6,12,1.0,0,0.0,0.0,0.0,0.0,1.0
258,7,12,1.0,0,0.0,0.0,0.0,0.0,0.0
259,9,8,1.0,1,0.0,1.0,0.0,0.0,1.0
260,3,1,0.0,0,1.0,0.0,1.0,1.0,0.0
261,0,9,1.0,2,1.0,0.0,1.0,0.0,1.0
262,9,11,0.0,1,1.0,0.0,0.0,0.0,1.0
263,7,0,0.0,0,1.0,0.0,0.0,0.0,1.0
264,2,1,0.0,0,0.0,0.0,1.0,1.0,0.0
265,7,4,0.0,0,1.0,1.0,0.0,0.0,1.0
266,0,10,0.0,2,1.0,0.0,1.0,0.0,1.0
267,3,2,1.0,1,1.0,0.0,1.0,0.0,1.0
268,9,12,1.0,1,0.0,0.0,0.0,0.0,1.0
269,7,12,1.0,0,0.0,0.0,0.0,0.0,1.0
270,8,9,0.0,0,1.0,0.0,0.0,0.0,1.0
271,3,0,1.0,0,1.0,0.0,1.0,0.0,1.0
272,8,7,1.0,1,0.0,1.0,0.0,0.0,1.0
273,7,9,0.0,1,1.0,0.0,0.0,0.0,0.0
274,2,1,1.0,0,0.0,0.0,1.0,1.0,0.0
275,9,11,1.0,1,0.0,0.0,0.0,0.0,1.0
276,8,1,0.0,0,0.0,0.0,1.0,0.0,1.0
277,5,0,0.0,0,1.0,1.0,0.0,0.0,1.0
278,0,9,0.0,2,1.0,0.0,1.0,1.0,0.0
279,7,7,1.0,1,0.0,0.0,1.0,0.0,1.0
280,9,1,0.0,0,1.0,0.0,1.0,1.0,0.0
281,5,2,0.0,0,1.0,0.0,1.0,0.0,1.0
282,0,4,0.0,0,1.0,0.0,1.0,0.0,1.0
283,1,3,1.0,0,1.0,0.0,1.0,0.0,1.0
284,8,8,0.0,0,1.0,0.0,0.0,0.0,1.0
285,6,4,0.0,0,1.0,0.0,1.0,0.0,0.0
286,6,4,1.0,0,1.0,0.0,1.0,0.0,1.0
287,2,2,0.0,0,1.0,0.0,1.0,0.0,1.0
288,8,5,1.0,0,1.0,1.0,0.0,0.0,1.0
289,2,1,1.0,0,0.0,0.0,1.0,1.0,0.0
290,4,11,1.0,0,0.0,0.0,0.0,0.0,1.0
291,1,12,1.0,1,0.0,0.0,0.0,0.0,0.0
292,7,5,0.0,0,1.0,1.0,0.0,0.0,0.0
293,3,4,0.0,0,0.0,0.0,1.0,0.0,1.0
294,3,2,0.0,0,1.0,0.0,1.0,0.0,1.0
295,8,9,0.0,0,1.0,0.0,0.0,0.0,0.0
296,3,0,0.0,0,1.0,0.0,1.0,0.0,0.0
297,0,12,0.0,1,0.0,0.0,0.0,0.0,1.0
298,8,9,1.0,0,1.0,0.0,0.0,0.0,1.0
299,9,12,1.0,1,0.0,0.0,0.0,0.0,0.0
300,2,1,1.0,0,0.0,0.0,1.0,1.0,0.0
301,3,7,1.0,1,1.0,0.0,1.0,1.0,0.0
302,1,0,0.0,0,1.0,0.0,1.0,0.0,1.0
303,5,5,1.0,0,0.0,1.0,0.0,1.0,0.0
304,3,3,0.0,0,1.0,0.0,1.0,0.0,1.0
305,0,12,1.0,1,1.0,0.0,0.0,0.0,1.0
306,7,12,1.0,0,0.0,0.0,0.0,0.0,0.0
307,1,12,1.0,1,0.0,0.0,0.0,0.0,0.0
308,6,8,0.0,1,1.0,1.0,0.0,0.0,0.0
309,6,11,1.0,0,0.0,0.0,0.0,0.0,0.0
310,3,11,1.0,0,0.0,0.0,0.0,0.0,0.0
311,1,12,1.0,2,0.0,0.0,0.0,0.0,0.0
312,4,8,0.0,1,0.0,1.0,0.0,0.0,1.0
313,5,2,0.0,0,1.0,0.0,1.0,0.0,1.0
314,8,8,0.0,1,1.0,1.0,0.0,0.0,1.0
315,4,2,1.0,0,0.0,0.0,1.0,0.0,1.0
316,3,8,1.0,1,0.0,1.0,0.0,0.0,1.0
317,9,6,0.0,0,1.0,1.0,0.0,0.0,1.0
318,6,12,1.0,1,0.0,0.0,0.0,0.0,1.0
319,7,12,1.0,1,0.0,0.0,0.0,0.0,0.0
320,2,0,0.0,0,1.0,0.0,1.0,0.0,1.0
321,5,2,0.0,0,1.0,0.0,1.0,0.0,1.0
322,6,5,1.0,0,0.0,1.0,0.0,1.0,0.0
323,2,9,1.0,1,0.0,1.0,0.0,0.0,1.0
324,3,11,0.0,3,1.0,0.0,1.0,0.0,1.0
325,7,12,1.0,0,0.0,0.0,0.0,0.0,0.0
326,9,0,0.0,0,1.0,0.0,1.0,0.0,1.0
327,7,5,1.0,0,0.0,1.0,0.0,0.0,1.0
328,6,7,1.0,1,0.0,0.0,1.0,0.0,1.0
329,0,11,1.0,1,0.0,0.0,0.0,0.0,0.0
330,2,7,1.0,1,0.0,0.0,1.0,1.0,0.0
331,8,9,0.0,0,1.0,0.0,0.0,0.0,1.0
332,7,12,0.0,1,1.0,0.0,0.0,0.0,1.0
333,0,7,0.0,1,1.0,0.0,1.0,0.0,1.0
334,7,12,1.0,1,0.0,0.0,0.0,0.0,1.0
335,3,2,0.0,0,1.0,0.0,1.0,0.0,1.0
336,5,11,0.0,1,1.0,0.0,0.0,0.0,1.0
337,8,12,1.0,0,0.0,0.0,0.0,0.0,0.0
338,8,3,1.0,0,1.0,0.0,1.0,0.0,1.0
339,8,10,0.0,0,1.0,0.0,0.0,0.0,1.0
340,0,8,1.0,1,1.0,1.0,0.0,0.0,1.0
341,3,12,1.0,2,0.0,0.0,0.0,0.0,1.0
342,5,5,0.0,0,1.0,1.0,0.0,0.0,1.0
343,3,5,0.0,0,1.0,1.0,0.0,0.0,1.0
344,7,5,0.0,0,1.0,1.0,0.0,0.0,1.0
345,3,5,1.0,0,0.0,1.0,0.0,0.0,1.0
346,7,5,1.0,0,0.0,1.0,0.0,0.0,1.0
347,2,7,1.0,1,0.0,0.0,1.0,0.0,1.0
348,0,7,1.0,1,1.0,0.0,1.0,0.0,1.0
349,8,4,0.0,0,1.0,0.0,1.0,0.0,1.0
350,3,4,0.0,0,1.0,0.0,1.0,0.0,1.0
351,8,10,0.0,0,1.0,0.0,0.0,0.0,1.0
352,0,0,0.0,1,1.0,0.0,1.0,0.0,0.0
353,3,7,0.0,1,1.0,0.0,1.0,0.0,1.0
354,3,0,0.0,0,1.0,0.0,1.0,0.0,0.0
355,5,4,0.0,0,1.0,0.0,1.0,0.0,1.0
356,2,10,1.0,1,0.0,0.0,0.0,0.0,1.0
357,7,5,0.0,0,0.0,1.0,0.0,0.0,1.0
358,2,2,1.0,0,0.0,0.0,1.0,1.0,0.0
359,2,2,1.0,0,0.0,0.0,1.0,1.0,0.0
360,7,9,0.0,2,1.0,0.0,1.0,0.0,1.0
361,5,9,0.0,1,1.0,1.0,0.0,0.0,0.0
362,8,6,0.0,1,0.0,0.0,1.0,0.0,0.0
363,7,0,0.0,0,1.0,0.0,1.0,0.0,1.0
364,3,6,0.0,1,1.0,0.0,1.0,1.0,0.0
365,6,0,0.0,0,1.0,0.0,1.0,0.0,1.0
366,9,11,1.0,1,0.0,0.0,0.0,0.0,0.0
367,2,0,1.0,0,0.0,0.0,1.0,0.0,0.0
368,2,1,1.0,0,0.0,0.0,1.0,1.0,0.0
369,3,11,1.0,0,0.0,0.0,0.0,0.0,0.0
370,3,10,1.0,1,1.0,0.0,0.0,0.0,0.0
371,1,0,0.0,1,1.0,0.0,1.0,0.0,1.0
372,1,3,0.0,0,1.0,0.0,1.0,0.0,1.0
373,2,12,0.0,0,1.0,0.0,0.0,0.0,0.0
374,0,7,0.0,2,0.0,0.0,1.0,0.0,1.0
375,7,11,1.0,1,0.0,0.0,0.0,0.0,0.0
376,2,0,1.0,0,0.0,0.0,1.0,0.0,1.0
377,5,12,0.0,1,1.0,0.0,0.0,0.0,0.0
378,1,0,0.0,0,1.0,0.0,1.0,0.0,0.0
379,1,2,0.0,0,1.0,0.0,1.0,0.0,1.0
380,8,12,1.0,0,0.0,0.0,0.0,0.0,0.0
381,0,6,1.0,1,0.0,0.0,1.0,0.0,0.0
382,6,3,0.0,0,1.0,0.0,1.0,0.0,1.0
383,7,10,1.0,1,0.0,0.0,0.0,0.0,1.0
384,3,2,0.0,0,1.0,0.0,1.0,0.0,1.0
385,1,11,0.0,0,1.0,1.0,0.0,0.0,1.0
386,0,10,0.0,3,1.0,0.0,1.0,0.0,1.0
387,7,5,1.0,0,0.0,1.0,0.0,0.0,1.0
388,3,1,0.0,0,1.0,0.0,1.0,1.0,0.0
389,1,5,1.0,0,0.0,1.0,0.0,0.0,0.0
390,7,12,1.0,1,1.0,0.0,0.0,0.0,1.0
391,1,2,1.0,0,1.0,0.0,1.0,0.0,1.0
392,5,3,0.0,1,1.0,0.0,1.0,0.0,1.0
393,3,12,1.0,1,0.0,0.0,0.0,0.0,0.0
394,3,7,1.0,1,0.0,0.0,1.0,0.0,1.0
395,2,2,0.0,0,1.0,0.0,1.0,0.0,1.0
396,6,2,0.0,0,0.0,0.0,1.0,0.0,1.0
397,8,8,0.0,0,1.0,1.0,0.0,0.0,1.0
398,3,4,0.0,0,1.0,1.0,0.0,0.0,1.0
399,5,5,1.0,0,0.0,1.0,0.0,0.0,1.0
400,7,3,1.0,0,1.0,0.0,1.0,0.0,1.0
401,4,3,0.0,0,1.0,0.0,1.0,0.0,1.0
402,1,4,0.0,1,0.0,0.0,1.0,0.0,1.0
403,5,7,0.0,1,1.0,0.0,1.0,0.0,1.0
404,1,4,0.0,0,0.0,0.0,1.0,0.0,1.0
405,6,7,0.0,1,1.0,1.0,0.0,0.0,1.0
406,9,1,0.0,0,1.0,0.0,1.0,0.0,1.0
407,0,7,1.0,1,1.0,1.0,0.0,0.0,1.0
408,1,2,0.0,0,1.0,0.0,1.0,0.0,1.0
409,2,8,0.0,2,0.0,0.0,1.0,0.0,1.0
410,3,2,0.0,0,1.0,0.0,1.0,0.0,1.0
411,3,0,0.0,0,1.0,0.0,1.0,1.0,0.0
412,6,12,1.0,1,0.0,0.0,0.0,1.0,0.0
413,5,0,0.0,0,1.0,1.0,0.0,0.0,1.0
414,8,3,1.0,0,1.0,0.0,1.0,0.0,1.0
415,2,3,0.0,0,0.0,0.0,1.0,0.0,1.0
416,6,9,1.0,1,0.0,1.0,0.0,0.0,1.0
417,1,5,1.0,1,0.0,1.0,0.0,0.0,1.0
418,6,5,0.0,0,1.0,1.0,0.0,0.0,1.0
419,0,8,0.0,1,0.0,0.0,1.0,0.0,1.0
420,3,2,0.0,0,1.0,0.0,1.0,0.0,0.0
421,1,1,0.0,0,1.0,0.0,1.0,1.0,0.0
422,5,2,0.0,0,1.0,0.0,1.0,0.0,1.0
423,5,6,0.0,1,0.0,0.0,1.0,0.0,1.0
424,1,7,0.0,1,1.0,0.0,1.0,0.0,1.0
425,3,0,0.0,0,1.0,0.0,1.0,0.0,1.0
426,5,8,1.0,1,0.0,1.0,0.0,0.0,1.0
427,1,8,1.0,0,0.0,1.0,0.0,0.0,1.0
428,3,1,0.0,0,1.0,0.0,1.0,1.0,0.0
429,6,3,1.0,0,1.0,0.0,1.0,0.0,1.0
430,5,8,1.0,0,1.0,0.0,0.0,0.0,1.0
431,2,7,1.0,1,0.0,0.0,1.0,0.0,1.0
432,8,8,1.0,1,0.0,1.0,0.0,0.0,1.0
433,1,0,0.0,0,1.0,0.0,1.0,0.0,1.0
434,9,10,0.0,1,1.0,0.0,0.0,0.0,1.0
435,0,12,1.0,1,0.0,0.0,0.0,0.0,1.0
436,1,10,0.0,2,0.0,0.0,1.0,0.0,1.0
437,3,7,1.0,2,0.0,1.0,0.0,0.0,1.0
438,9,12,0.0,2,1.0,0.0,0.0,0.0,1.0
439,6,4,0.0,0,1.0,1.0,0.0,0.0,1.0
440,8,8,1.0,1,0.0,1.0,0.0,0.0,1.0
441,1,4,0.0,0,1.0,0.0,1.0,0.0,1.0
442,3,2,0.0,1,1.0,0.0,1.0,0.0,1.0
443,5,5,1.0,0,0.0,1.0,0.0,0.0,1.0
444,3,4,1.0,0,1.0,0.0,1.0,0.0,1.0
445,0,11,1.0,1,1.0,0.0,0.0,0.0,1.0
446,0,7,1.0,1,0.0,1.0,0.0,0.0,1.0
447,6,8,1.0,0,1.0,0.0,0.0,0.0,1.0
448,0,7,1.0,1,0.0,0.0,1.0,0.0,0.0
449,9,9,1.0,0,1.0,0.0,0.0,0.0,1.0
450,7,9,0.0,1,1.0,1.0,0.0,0.0,1.0
451,3,7,0.0,1,1.0,0.0,1.0,0.0,1.0
452,6,9,0.0,0,1.0,0.0,0.0,0.0,0.0
453,9,12,1.0,1,1.0,0.0,0.0,0.0,0.0
454,3,3,0.0,0,1.0,0.0,1.0,0.0,1.0
455,5,2,1.0,0,1.0,0.0,1.0,0.0,0.0
456,9,8,0.0,0,1.0,0.0,0.0,0.0,1.0
457,7,10,1.0,1,0.0,0.0,0.0,0.0,1.0
458,9,4,1.0,0,0.0,1.0,0.0,0.0,1.0
459,3,1,0.0,0,1.0,0.0,1.0,1.0,0.0
460,8,8,1.0,0,1.0,0.0,0.0,0.0,1.0
461,6,3,0.0,0,1.0,0.0,1.0,0.0,1.0
462,8,10,0.0,0,1.0,0.0,0.0,0.0,1.0
463,8,5,0.0,0,1.0,1.0,0.0,0.0,1.0
464,3,3,0.0,0,1.0,0.0,1.0,0.0,1.0
465,7,0,0.0,0,1.0,0.0,1.0,0.0,1.0
466,5,0,0.0,0,1.0,1.0,0.0,0.0,1.0
467,9,8,0.0,0,1.0,0.0,0.0,0.0,1.0
468,3,1,0.0,0,1.0,0.0,1.0,1.0,0.0
469,0,7,1.0,1,0.0,0.0,1.0,0.0,0.0
470,3,0,0.0,0,1.0,0.0,1.0,0.0,1.0
471,7,4,0.0,0,1.0,0.0,1.0,0.0,1.0
472,6,9,1.0,1,0.0,1.0,0.0,0.0,1.0
473,3,6,1.0,0,0.0,1.0,0.0,0.0,0.0
474,2,4,0.0,0,0.0,0.0,1.0,0.0,1.0
475,8,10,0.0,0,1.0,0.0,0.0,0.0,1.0
476,6,7,0.0,1,1.0,1.0,0.0,0.0,1.0
477,5,0,0.0,1,1.0,0.0,1.0,0.0,1.0
478,2,1,0.0,0,1.0,0.0,1.0,0.0,1.0
479,0,5,1.0,1,0.0,0.0,1.0,0.0,1.0
480,0,10,0.0,3,1.0,0.0,1.0,0.0,1.0
481,5,0,0.0,0,1.0,1.0,0.0,0.0,1.0
482,9,3,0.0,0,1.0,0.0,1.0,0.0,1.0
483,9,4,1.0,0,0.0,0.0,1.0,0.0,1.0
484,3,12,1.0,1,1.0,0.0,0.0,0.0,0.0
485,2,8,0.0,2,0.0,0.0,1.0,0.0,1.0
486,7,12,1.0,1,0.0,0.0,0.0,0.0,1.0
487,9,9,0.0,0,1.0,0.0,0.0,0.0,0.0
488,6,3,0.0,0,1.0,0.0,1.0,0.0,1.0
489,0,7,1.0,1,1.0,0.0,1.0,0.0,1.0
490,3,7,0.0,1,1.0,0.0,1.0,0.0,1.0
491,1,0,0.0,0,1.0,0.0,1.0,0.0,1.0
492,9,9,0.0,0,1.0,0.0,0.0,0.0,1.0
493,9,10,0.0,0,1.0,0.0,0.0,0.0,0.0
494,1,3,0.0,0,1.0,0.0,1.0,0.0,1.0
495,3,6,0.0,0,1.0,0.0,1.0,0.0,0.0
496,9,11,1.0,1,0.0,0.0,0.0,0.0,0.0
497,3,6,0.0,0,1.0,0.0,1.0,0.0,1.0
498,3,12,0.0,1,0.0,0.0,0.0,0.0,1.0
499,3,2,0.0,0,1.0,0.0,1.0,0.0,1.0
500,1,4,0.0,0,1.0,0.0,1.0,0.0,1.0
501,1,1,0.0,0,0.0,0.0,1.0,1.0,0.0
502,2,1,0.0,0,0.0,0.0,1.0,1.0,0.0
503,7,4,0.0,0,0.0,0.0,1.0,0.0,1.0
504,0,12,1.0,0,0.0,0.0,0.0,0.0,1.0
505,1,12,0.0,1,1.0,0.0,0.0,0.0,0.0
506,6,8,1.0,1,0.0,1.0,0.0,0.0,1.0
507,8,8,1.0,0,1.0,0.0,0.0,0.0,1.0
508,5,7,0.0,0,1.0,0.0,1.0,0.0,1.0
509,4,10,1.0,0,1.0,0.0,1.0,0.0,1.0
510,5,1,1.0,0,1.0,0.0,1.0,1.0,0.0
511,3,3,0.0,0,1.0,0.0,1.0,0.0,1.0
512,7,8,1.0,0,1.0,0.0,0.0,0.0,1.0
513,9,11,1.0,1,0.0,0.0,0.0,0.0,0.0
514,3,1,0.0,0,1.0,0.0,1.0,0.0,1.0
515,8,9,0.0,0,1.0,0.0,0.0,0.0,1.0
516,6,4,1.0,0,0.0,1.0,0.0,0.0,1.0
517,3,8,0.0,0,1.0,0.0,1.0,1.0,0.0
518,7,8,1.0,1,0.0,1.0,0.0,0.0,1.0
519,6,2,0.0,0,1.0,0.0,1.0,0.0,1.0
520,6,12,1.0,0,0.0,0.0,0.0,0.0,1.0
521,2,2,0.0,0,1.0,0.0,1.0,0.0,1.0
522,3,0,0.0,0,1.0,0.0,1.0,0.0,0.0
523,8,11,1.0,1,0.0,0.0,0.0,0.0,0.0
524,3,0,0.0,0,1.0,0.0,1.0,0.0,0.0
525,8,1,0.0,0,1.0,0.0,1.0,1.0,0.0
526,9,4,1.0,0,0.0,1.0,0.0,0.0,1.0
527,8,12,0.0,0,1.0,0.0,0.0,0.0,1.0
528,7,3,0.0,0,1.0,0.0,1.0,0.0,1.0
529,3,5,0.0,1,1.0,1.0,0.0,0.0,1.0
530,0,8,1.0,1,0.0,1.0,0.0,0.0,1.0
531,3,0,0.0,0,1.0,0.0,1.0,0.0,0.0
532,1,0,0.0,1,1.0,0.0,1.0,0.0,0.0
533,2,7,1.0,1,0.0,0.0,1.0,0.0,0.0
534,6,4,0.0,0,0.0,0.0,1.0,0.0,1.0
535,0,8,1.0,1,0.0,1.0,0.0,0.0,1.0
536,8,8,0.0,0,1.0,0.0,0.0,0.0,1.0
537,6,12,1.0,0,0.0,0.0,0.0,0.0,0.0
538,3,6,0.0,0,1.0,0.0,1.0,0.0,1.0
539,2,10,1.0,1,0.0,0.0,0.0,0.0,0.0
540,7,11,1.0,1,0.0,0.0,0.0,0.0,1.0
541,0,9,0.0,2,0.0,0.0,1.0,0.0,1.0
542,0,9,0.0,2,0.0,0.0,1.0,0.0,1.0
543,6,8,1.0,1,1.0,1.0,0.0,0.0,1.0
544,9,12,0.0,1,1.0,0.0,0.0,0.0,0.0
545,9,8,0.0,0,1.0,0.0,0.0,0.0,1.0
546,1,8,1.0,1,0.0,1.0,0.0,0.0,1.0
547,5,6,1.0,0,1.0,1.0,0.0,0.0,0.0
548,6,7,0.0,1,1.0,0.0,1.0,0.0,1.0
549,0,10,1.0,1,1.0,1.0,0.0,0.0,1.0
550,1,12,1.0,1,1.0,0.0,0.0,0.0,0.0
551,5,8,0.0,0,1.0,1.0,0.0,0.0,1.0
552,3,2,0.0,0,1.0,0.0,1.0,1.0,0.0
553,2,0,1.0,0,1.0,0.0,1.0,0.0,0.0
554,2,2,1.0,0,0.0,0.0,1.0,0.0,1.0
555,9,8,0.0,0,1.0,0.0,0.0,0.0,1.0
556,8,10,1.0,1,0.0,0.0,0.0,0.0,0.0
557,8,12,0.0,0,1.0,0.0,0.0,0.0,0.0
558,7,11,1.0,1,0.0,0.0,0.0,0.0,1.0
559,7,7,1.0,1,0.0,0.0,1.0,0.0,1.0
560,3,1,0.0,0,1.0,0.0,1.0,1.0,0.0
561,7,2,0.0,0,1.0,0.0,1.0,0.0,1.0
562,5,6,0.0,0,1.0,1.0,0.0,0.0,1.0
563,3,3,0.0,0,1.0,0.0,1.0,0.0,1.0
564,2,3,0.0,0,0.0,0.0,1.0,0.0,1.0
565,3,8,0.0,1,1.0,0.0,1.0,0.0,1.0
566,1,2,0.0,0,1.0,0.0,1.0,0.0,1.0
567,5,7,0.0,2,0.0,0.0,1.0,0.0,1.0
568,3,0,0.0,0,1.0,0.0,1.0,0.0,0.0
569,6,2,1.0,0,1.0,0.0,1.0,0.0,1.0
570,9,4,1.0,0,1.0,1.0,0.0,0.0,1.0
571,9,10,1.0,1,0.0,0.0,0.0,0.0,1.0
572,7,8,1.0,0,1.0,0.0,0.0,0.0,1.0
573,2,1,1.0,0,0.0,0.0,1.0,1.0,0.0
574,0,3,0.0,0,1.0,0.0,1.0,0.0,1.0
575,1,6,0.0,0,1.0,0.0,1.0,0.0,1.0
576,6,5,1.0,0,0.0,1.0,0.0,0.0,1.0
577,7,10,1.0,1,0.0,0.0,0.0,0.0,1.0
578,2,6,0.0,1,0.0,0.0,1.0,0.0,0.0
579,6,3,1.0,0,1.0,0.0,1.0,0.0,1.0
580,3,9,1.0,1,0.0,1.0,0.0,0.0,1.0
581,7,12,1.0,1,0.0,0.0,0.0,0.0,0.0
582,9,8,0.0,0,1.0,1.0,0.0,0.0,1.0
583,7,10,0.0,0,1.0,0.0,0.0,0.0,0.0
584,3,4,0.0,0,1.0,0.0,1.0,0.0,0.0
585,1,11,1.0,1,0.0,0.0,0.0,0.0,1.0
586,8,6,0.0,0,1.0,1.0,0.0,0.0,1.0
587,9,11,1.0,1,1.0,0.0,0.0,0.0,0.0
588,2,3,0.0,0,1.0,0.0,1.0,0.0,1.0
589,3,3,0.0,0,1.0,0.0,1.0,0.0,1.0
590,7,0,0.0,0,1.0,0.0,1.0,0.0,1.0
591,9,11,1.0,1,0.0,0.0,0.0,0.0,0.0
592,8,0,0.0,0,1.0,0.0,1.0,0.0,1.0
593,2,1,0.0,1,0.0,0.0,1.0,1.0,0.0
594,7,8,0.0,1,1.0,1.0,0.0,0.0,1.0
595,7,8,0.0,1,1.0,0.0,1.0,0.0,1.0
596,5,9,1.0,0,0.0,1.0,0.0,0.0,1.0
597,9,0,0.0,0,1.0,0.0,1.0,0.0,1.0
598,3,0,0.0,0,1.0,0.0,1.0,0.0,0.0
599,9,11,1.0,1,1.0,0.0,0.0,0.0,0.0
600,3,9,1.0,1,0.0,1.0,0.0,0.0,1.0
601,3,2,0.0,0,1.0,0.0,1.0,0.0,1.0
602,8,10,0.0,0,1.0,0.0,0.0,0.0,1.0
603,8,3,0.0,0,1.0,0.0,1.0,0.0,1.0
604,7,8,1.0,0,1.0,0.0,0.0,0.0,0.0
605,7,6,0.0,1,1.0,0.0,1.0,0.0,1.0
606,6,2,0.0,0,1.0,0.0,1.0,0.0,1.0
607,5,9,1.0,0,1.0,0.0,0.0,0.0,1.0
608,2,10,1.0,1,0.0,1.0,0.0,0.0,0.0
609,7,12,1.0,0,0.0,0.0,0.0,0.0,1.0
610,7,9,0.0,2,0.0,0.0,1.0,0.0,1.0
611,3,0,0.0,0,1.0,0.0,1.0,0.0,1.0
612,2,6,1.0,1,0.0,0.0,1.0,1.0,0.0
613,3,1,0.0,0,1.0,0.0,1.0,1.0,0.0
614,7,3,0.0,0,1.0,0.0,1.0,0.0,1.0
615,3,11,1.0,1,0.0,1.0,0.0,0.0,1.0
616,6,6,0.0,1,1.0,0.0,1.0,0.0,1.0
617,4,7,0.0,1,0.0,0.0,1.0,0.0,1.0
618,0,10,1.0,1,0.0,1.0,0.0,0.0,1.0
619,4,4,0.0,0,1.0,1.0,0.0,0.0,1.0
620,5,6,0.0,1,1.0,0.0,1.0,0.0,0.0
621,8,10,1.0,1,1.0,0.0,0.0,0.0,1.0
622,1,6,1.0,1,1.0,0.0,1.0,0.0,0.0
623,1,2,0.0,0,1.0,0.0,1.0,0.0,1.0
624,1,7,0.0,0,1.0,0.0,1.0,0.0,1.0
625,9,9,0.0,0,1.0,0.0,0.0,0.0,1.0
626,9,5,0.0,0,1.0,1.0,0.0,1.0,0.0
627,1,11,1.0,0,0.0,0.0,0.0,0.0,1.0
628,4,2,0.0,0,1.0,0.0,1.0,0.0,1.0
629,3,1,0.0,0,1.0,0.0,1.0,1.0,0.0
630,9,9,1.0,0,1.0,0.0,0.0,0.0,1.0
631,9,0,0.0,0,1.0,0.0,1.0,0.0,1.0
632,6,9,1.0,0,1.0,0.0,0.0,0.0,0.0
633,8,0,0.0,0,1.0,0.0,0.0,0.0,1.0
634,0,9,0.0,2,0.0,0.0,1.0,0.0,1.0
635,5,5,1.0,0,0.0,1.0,0.0,0.0,1.0
636,6,3,0.0,0,1.0,0.0,1.0,0.0,1.0
637,6,8,0.0,1,1.0,1.0,0.0,0.0,1.0
638,8,10,0.0,2,0.0,0.0,1.0,0.0,1.0
639,3,7,0.0,1,1.0,0.0,1.0,0.0,1.0
640,1,2,0.0,0,1.0,0.0,1.0,0.0,1.0
641,3,11,1.0,0,0.0,0.0,0.0,0.0,0.0
642,0,9,0.0,2,0.0,0.0,1.0,0.0,1.0
643,3,10,1.0,0,1.0,0.0,1.0,0.0,1.0
644,0,7,1.0,1,0.0,0.0,1.0,0.0,0.0
645,8,11,1.0,1,1.0,0.0,0.0,0.0,0.0
646,1,2,0.0,0,1.0,0.0,1.0,0.0,1.0
647,9,10,1.0,0,1.0,0.0,0.0,0.0,0.0
648,3,1,0.0,0,1.0,0.0,1.0,0.0,1.0
649,3,1,1.0,0,0.0,0.0,1.0,0.0,1.0
650,3,2,0.0,0,1.0,0.0,1.0,0.0,1.0
651,1,7,1.0,1,0.0,1.0,0.0,0.0,1.0
652,1,4,0.0,0,1.0,0.0,1.0,0.0,1.0
653,2,2,1.0,0,0.0,0.0,1.0,1.0,0.0
654,1,0,0.0,0,0.0,0.0,1.0,1.0,0.0
655,3,11,0.0,1,1.0,1.0,0.0,0.0,1.0
656,3,2,0.0,0,1.0,0.0,1.0,0.0,1.0
657,6,6,0.0,1,0.0,0.0,1.0,1.0,0.0
658,3,5,0.0,0,1.0,1.0,0.0,0.0,1.0
659,9,12,0.0,1,1.0,0.0,0.0,0.0,0.0
660,9,12,1.0,1,1.0,0.0,0.0,0.0,1.0
661,7,0,0.0,0,1.0,0.0,1.0,0.0,0.0
662,8,8,0.0,0,1.0,0.0,0.0,0.0,1.0
663,7,1,0.0,0,1.0,0.0,1.0,0.0,1.0
664,1,3,1.0,1,1.0,0.0,1.0,0.0,1.0
665,6,11,0.0,1,1.0,1.0,0.0,0.0,1.0
666,3,5,0.0,0,1.0,1.0,0.0,0.0,1.0
667,3,2,0.0,0,1.0,0.0,1.0,0.0,1.0
668,8,3,0.0,0,1.0,0.0,1.0,0.0,1.0
669,7,10,1.0,1,0.0,0.0,0.0,0.0,1.0
670,7,10,1.0,1,0.0,1.0,0.0,0.0,1.0
671,6,10,0.0,1,1.0,0.0,0.0,0.0,1.0
672,9,4,0.0,0,1.0,1.0,0.0,0.0,1.0
673,6,5,1.0,0,1.0,1.0,0.0,0.0,1.0
674,5,0,0.0,0,1.0,1.0,0.0,0.0,1.0
675,1,2,0.0,0,1.0,0.0,1.0,0.0,1.0
676,3,3,0.0,0,1.0,0.0,1.0,0.0,1.0
677,1,4,1.0,0,0.0,0.0,1.0,0.0,1.0
678,8,10,0.0,3,0.0,0.0,1.0,0.0,1.0
679,7,12,1.0,1,1.0,0.0,0.0,0.0,0.0
680,2,4,0.0,0,0.0,0.0,1.0,1.0,0.0
681,5,11,1.0,0,1.0,0.0,0.0,0.0,0.0
682,1,4,0.0,0,1.0,0.0,1.0,0.0,1.0
683,0,10,0.0,3,1.0,0.0,1.0,0.0,1.0
684,9,10,0.0,1,1.0,1.0,0.0,0.0,1.0
685,3,10,0.0,1,1.0,1.0,0.0,0.0,0.0
686,0,10,0.0,2,1.0,0.0,1.0,0.0,1.0
687,1,4,0.0,0,1.0,0.0,1.0,0.0,1.0
688,1,2,0.0,0,1.0,0.0,1.0,0.0,1.0
689,0,12,1.0,1,0.0,0.0,0.0,0.0,1.0
690,6,11,1.0,1,1.0,0.0,0.0,0.0,1.0
691,0,6,1.0,1,0.0,0.0,1.0,0.0,0.0
692,3,10,1.0,0,1.0,0.0,1.0,0.0,1.0
693,3,0,0.0,0,1.0,0.0,1.0,0.0,0.0
694,9,8,0.0,0,1.0,0.0,0.0,0.0,1.0
695,9,6,0.0,0,1.0,1.0,0.0,0.0,1.0
696,8,3,0.0,0,1.0,0.0,1.0,0.0,1.0
697,2,1,1.0,0,0.0,0.0,1.0,1.0,0.0
698,9,12,0.0,1,1.0,0.0,0.0,0.0,0.0
699,8,1,0.0,0,1.0,0.0,1.0,0.0,1.0
700,1,12,1.0,1,0.0,0.0,0.0,0.0,0.0
701,7,8,1.0,0,1.0,0.0,0.0,0.0,1.0
702,1,6,0.0,1,0.0,0.0,1.0,0.0,0.0
703,3,1,0.0,0,1.0,0.0,1.0,1.0,0.0
704,4,2,0.0,1,1.0,0.0,1.0,0.0,1.0
705,7,8,0.0,0,1.0,1.0,0.0,0.0,1.0
706,8,6,1.0,0,0.0,1.0,0.0,0.0,1.0
707,8,8,1.0,0,1.0,0.0,0.0,0.0,1.0
708,2,12,1.0,0,0.0,0.0,0.0,0.0,1.0
709,3,6,1.0,1,1.0,0.0,1.0,0.0,0.0
710,3,10,1.0,0,0.0,0.0,0.0,0.0,0.0
711,8,8,0.0,0,1.0,0.0,0.0,0.0,1.0
712,8,10,1.0,1,1.0,0.0,0.0,0.0,1.0
713,5,4,0.0,0,1.0,0.0,1.0,0.0,1.0
714,9,5,0.0,0,1.0,1.0,0.0,0.0,1.0
715,1,1,0.0,0,1.0,0.0,1.0,0.0,1.0
716,7,12,1.0,0,0.0,0.0,0.0,0.0,0.0
717,5,4,1.0,0,0.0,1.0,0.0,0.0,1.0
718,3,6,0.0,0,1.0,0.0,1.0,1.0,0.0
719,6,2,0.0,0,1.0,0.0,1.0,0.0,1.0
720,0,9,1.0,1,0.0,1.0,0.0,0.0,1.0
721,1,0,0.0,1,1.0,0.0,1.0,0.0,1.0
722,6,5,0.0,0,1.0,1.0,0.0,0.0,1.0
723,9,5,0.0,0,1.0,1.0,0.0,0.0,1.0
724,5,10,1.0,1,1.0,0.0,0.0,0.0,1.0
725,1,4,0.0,0,1.0,0.0,1.0,0.0,1.0
726,6,7,1.0,1,0.0,1.0,0.0,0.0,1.0
727,2,1,1.0,0,0.0,0.0,1.0,1.0,0.0
728,3,8,0.0,1,1.0,1.0,0.0,0.0,1.0
729,3,3,0.0,1,0.0,0.0,1.0,0.0,1.0
730,5,12,1.0,0,0.0,0.0,0.0,0.0,1.0
731,0,7,0.0,0,1.0,0.0,1.0,0.0,0.0
732,5,0,0.0,0,1.0,1.0,0.0,0.0,1.0
733,3,5,0.0,0,1.0,1.0,0.0,0.0,1.0
734,3,5,0.0,0,1.0,1.0,0.0,0.0,1.0
735,5,7,0.0,0,1.0,0.0,1.0,0.0,1.0
736,8,10,0.0,2,0.0,0.0,1.0,0.0,1.0
737,7,12,1.0,0,1.0,0.0,0.0,0.0,0.0
738,3,2,0.0,0,1.0,0.0,1.0,0.0,1.0
739,3,2,0.0,0,1.0,0.0,1.0,0.0,1.0
740,8,9,1.0,0,1.0,0.0,0.0,0.0,1.0
741,7,11,0.0,1,1.0,0.0,0.0,0.0,1.0
742,1,12,1.0,2,0.0,0.0,0.0,0.0,0.0
743,3,7,0.0,1,1.0,0.0,1.0,0.0,1.0
744,6,3,1.0,0,1.0,0.0,1.0,0.0,1.0
745,9,11,0.0,1,1.0,0.0,0.0,0.0,1.0
746,0,7,0.0,1,1.0,0.0,1.0,0.0,1.0
747,6,5,1.0,0,0.0,1.0,0.0,0.0,1.0
748,1,10,0.0,1,1.0,0.0,0.0,0.0,1.0
749,6,1,0.0,0,1.0,0.0,1.0,1.0,0.0
750,0,7,1.0,1,0.0,1.0,0.0,0.0,1.0
751,0,5,1.0,1,1.0,0.0,1.0,0.0,1.0
752,6,4,0.0,0,1.0,0.0,1.0,0.0,1.0
753,3,2,0.0,0,1.0,0.0,1.0,0.0,1.0
754,8,11,1.0,1,0.0,1.0,0.0,0.0,1.0
755,0,6,1.0,1,1.0,1.0,0.0,0.0,1.0
756,5,2,0.0,0,1.0,0.0,1.0,0.0,1.0
757,1,5,0.0,0,1.0,1.0,0.0,0.0,1.0
758,6,3,0.0,0,1.0,0.0,1.0,0.0,1.0
759,6,12,1.0,0,0.0,0.0,0.0,0.0,1.0
760,3,6,0.0,0,1.0,0.0,1.0,0.0,1.0
761,8,0,0.0,0,1.0,0.0,1.0,0.0,1.0
762,1,0,1.0,0,1.0,0.0,1.0,0.0,0.0
763,7,12,1.0,1,0.0,0.0,0.0,0.0,1.0
764,0,2,0.0,0,1.0,0.0,1.0,0.0,1.0
765,9,11,1.0,1,0.0,0.0,0.0,0.0,1.0
766,8,10,0.0,0,1.0,0.0,0.0,0.0,0.0
767,6,1,0.0,0,0.0,0.0,1.0,1.0,0.0
768,3,8,0.0,1,1.0,0.0,1.0,1.0,0.0
769,6,4,0.0,0,1.0,0.0,1.0,0.0,1.0
770,3,4,0.0,0,1.0,0.0,1.0,0.0,1.0
771,8,2,0.0,0,1.0,0.0,1.0,0.0,1.0
772,9,4,0.0,0,0.0,1.0,0.0,0.0,1.0
773,3,0,0.0,0,1.0,0.0,1.0,0.0,0.0
774,9,7,1.0,2,0.0,1.0,0.0,0.0,1.0
775,1,1,0.0,0,1.0,0.0,1.0,0.0,1.0
776,3,1,0.0,0,1.0,0.0,1.0,1.0,0.0
777,0,5,1.0,0,0.0,0.0,1.0,0.0,1.0
778,3,1,0.0,0,1.0,0.0,1.0,1.0,0.0
779,8,12,1.0,1,0.0,0.0,0.0,0.0,1.0
780,0,0,1.0,0,0.0,0.0,1.0,0.0,0.0
781,1,11,1.0,1,0.0,0.0,0.0,0.0,1.0
782,5,9,0.0,0,1.0,0.0,0.0,0.0,1.0
783,3,8,0.0,1,1.0,0.0,1.0,0.0,1.0
784,3,0,0.0,0,1.0,0.0,1.0,0.0,1.0
785,3,0,0.0,0,1.0,0.0,1.0,0.0,1.0
786,1,1,1.0,0,0.0,0.0,1.0,0.0,1.0
787,0,9,0.0,2,1.0,0.0,1.0,1.0,0.0
788,0,7,1.0,1,1.0,0.0,1.0,0.0,1.0
789,8,11,0.0,0,1.0,0.0,0.0,0.0,0.0
790,3,1,0.0,0,1.0,0.0,1.0,1.0,0.0
791,0,8,0.0,0,1.0,1.0,0.0,0.0,1.0
792,2,11,0.0,3,0.0,0.0,1.0,0.0,1.0
793,8,9,0.0,0,1.0,0.0,0.0,0.0,0.0
794,3,2,0.0,0,1.0,0.0,1.0,0.0,1.0
795,7,5,0.0,0,1.0,1.0,0.0,0.0,1.0
796,9,8,1.0,0,0.0,0.0,0.0,0.0,1.0
797,6,4,1.0,0,0.0,0.0,1.0,0.0,1.0
798,6,0,0.0,0,1.0,0.0,1.0,0.0,0.0
799,6,8,0.0,1,0.0,0.0,1.0,0.0,1.0
800,6,5,0.0,0,1.0,1.0,0.0,0.0,1.0
801,6,8,1.0,1,0.0,1.0,0.0,0.0,1.0
802,0,12,1.0,1,1.0,0.0,0.0,0.0,1.0
803,0,4,1.0,1,1.0,0.0,1.0,0.0,0.0
804,5,0,1.0,0,1.0,0.0,1.0,0.0,1.0
805,6,2,0.0,0,1.0,0.0,1.0,0.0,1.0
806,7,0,0.0,0,1.0,0.0,0.0,0.0,1.0
807,1,2,0.0,0,0.0,0.0,1.0,0.0,1.0
808,7,5,0.0,0,1.0,1.0,0.0,0.0,1.0
809,6,10,1.0,1,0.0,0.0,0.0,0.0,1.0
810,4,2,0.0,0,1.0,0.0,1.0,0.0,1.0
811,7,8,0.0,0,1.0,0.0,1.0,0.0,1.0
812,7,4,0.0,0,1.0,1.0,0.0,0.0,1.0
813,0,9,0.0,2,0.0,0.0,1.0,0.0,1.0
814,6,3,0.0,0,1.0,0.0,1.0,0.0,1.0
815,8,0,0.0,0,1.0,0.0,0.0,0.0,1.0
816,3,3,0.0,0,0.0,0.0,1.0,0.0,1.0
817,6,10,0.0,1,1.0,1.0,0.0,0.0,0.0
818,8,0,0.0,0,1.0,0.0,1.0,0.0,1.0
819,0,9,0.0,2,1.0,0.0,1.0,0.0,1.0
820,9,12,1.0,1,0.0,0.0,0.0,0.0,1.0
821,5,4,1.0,0,1.0,0.0,1.0,0.0,1.0
822,7,0,0.0,0,1.0,0.0,0.0,0.0,1.0
823,5,5,1.0,1,0.0,0.0,1.0,0.0,1.0
824,0,10,0.0,2,1.0,0.0,1.0,0.0,1.0
825,3,0,0.0,0,1.0,0.0,1.0,1.0,0.0
826,3,10,0.0,0,1.0,0.0,1.0,0.0,1.0
827,0,10,1.0,1,1.0,1.0,0.0,0.0,0.0
828,3,1,1.0,0,1.0,0.0,1.0,1.0,0.0
829,9,11,1.0,0,0.0,0.0,0.0,0.0,0.0
830,0,6,1.0,1,0.0,0.0,1.0,0.0,0.0
831,0,7,1.0,1,1.0,1.0,0.0,0.0,1.0
832,3,0,0.0,0,1.0,0.0,1.0,0.0,0.0
833,3,2,0.0,0,1.0,0.0,1.0,0.0,1.0
834,1,4,0.0,0,1.0,0.0,1.0,0.0,1.0
835,7,11,1.0,1,0.0,0.0,0.0,0.0,0.0
836,1,4,0.0,0,1.0,0.0,1.0,0.0,1.0
837,3,3,0.0,0,1.0,0.0,1.0,0.0,1.0
838,6,10,1.0,0,1.0,0.0,1.0,0.0,1.0
839,8,9,1.0,0,1.0,0.0,0.0,0.0,0.0
840,1,3,0.0,0,1.0,0.0,1.0,0.0,1.0
841,0,4,0.0,0,1.0,1.0,0.0,0.0,1.0
842,6,9,1.0,0,0.0,0.0,0.0,0.0,0.0
843,7,0,0.0,0,1.0,0.0,1.0,0.0,0.0
844,1,4,0.0,0,1.0,0.0,1.0,0.0,1.0
845,8,1,0.0,0,1.0,0.0,1.0,0.0,1.0
846,3,11,0.0,3,1.0,0.0,1.0,0.0,1.0
847,7,2,0.0,0,1.0,0.0,1.0,0.0,0.0
848,5,9,0.0,1,1.0,1.0,0.0,0.0,1.0
849,7,12,1.0,1,0.0,0.0,0.0,0.0,0.0
850,0,9,0.0,2,1.0,0.0,1.0,0.0,1.0
851,9,2,0.0,0,1.0,0.0,1.0,0.0,1.0
852,0,6,0.0,1,0.0,0.0,1.0,0.0,0.0
853,0,10,1.0,1,0.0,0.0,0.0,0.0,1.0
854,8,8,0.0,1,0.0,1.0,0.0,0.0,1.0
855,1,4,1.0,1,0.0,0.0,1.0,0.0,1.0
856,8,12,1.0,1,0.0,0.0,0.0,0.0,1.0
857,9,8,1.0,0,1.0,0.0,0.0,0.0,1.0
858,3,7,1.0,1,0.0,0.0,1.0,0.0,0.0
859,3,0,0.0,0,1.0,0.0,1.0,0.0,0.0
860,8,6,0.0,1,1.0,0.0,1.0,0.0,1.0
861,1,5,0.0,1,1.0,1.0,0.0,0.0,1.0
862,8,8,1.0,0,0.0,0.0,0.0,0.0,1.0
863,2,11,0.0,3,0.0,0.0,1.0,0.0,1.0
864,3,5,0.0,0,1.0,1.0,0.0,0.0,1.0
865,8,5,1.0,0,0.0,1.0,0.0,0.0,1.0
866,5,6,1.0,1,0.0,1.0,0.0,0.0,0.0
867,6,10,0.0,0,1.0,0.0,0.0,0.0,1.0
868,3,4,0.0,0,1.0,0.0,1.0,0.0,1.0
869,0,5,1.0,1,1.0,0.0,1.0,0.0,1.0
870,4,2,0.0,0,1.0,0.0,1.0,0.0,1.0
871,8,10,1.0,1,0.0,0.0,0.0,0.0,1.0
872,6,0,0.0,0,1.0,0.0,0.0,0.0,1.0
873,8,4,0.0,0,1.0,0.0,1.0,0.0,1.0
874,5,8,1.0,1,0.0,1.0,0.0,0.0,0.0
875,0,0,1.0,0,0.0,0.0,1.0,0.0,0.0
876,1,4,0.0,0,1.0,0.0,1.0,0.0,1.0
877,1,2,0.0,0,1.0,0.0,1.0,0.0,1.0
878,3,2,0.0,0,1.0,0.0,1.0,0.0,1.0
879,9,11,1.0,1,0.0,0.0,0.0,0.0,0.0
880,3,8,1.0,1,0.0,1.0,0.0,0.0,1.0
881,6,2,0.0,0,1.0,0.0,1.0,0.0,1.0
882,2,5,0.0,0,0.0,0.0,1.0,0.0,1.0
883,5,4,0.0,0,1.0,1.0,0.0,0.0,1.0
884,3,0,0.0,0,1.0,0.0,1.0,0.0,1.0
885,7,9,0.0,2,0.0,0.0,1.0,1.0,0.0
886,5,5,0.0,0,1.0,1.0,0.0,0.0,1.0
887,1,9,1.0,0,0.0,0.0,0.0,0.0,1.0
888,2,8,0.0,1,0.0,0.0,1.0,0.0,1.0
889,4,9,1.0,0,1.0,0.0,0.0,0.0,0.0
890,6,1,0.0,0,1.0,0.0,1.0,1.0,0.0
